method,n,bias,bias_pct,rmse,rmse_pct,r2,mean_pred,mean_obs,rmse_pct_lo,rmse_pct_hi
11 Hybrid A (ORNL 2017 anchor),3552,-105.20046960350913,-96.04809501358488,108.8248434326665,99.35715060259191,-13.666892901863267,4.328480021811133,109.52894962532027,98.44694398263026,100.20622241613361
12 Hybrid B (ORNL 2017 anchor),952,-150.51071318191504,-95.31105542019775,155.61814916827427,98.54534422303287,-14.060766151895754,7.4045596249577965,157.91527280687285,96.93278135647286,100.07094515389532
