n,bias,bias_pct,rmse,rmse_pct,r2
19439,-16.20266756380074,-10.877172893373281,50.09766581267461,33.63155915241605,-0.4766819271427978
