n,bias,bias_pct,rmse,rmse_pct,r2
47863,-2.1921823744728584,-1.5785672201368035,36.22240465556373,26.083368468626283,0.26200926905106414
