n,bias,bias_pct,rmse,rmse_pct,r2
19439,-5.120481335917935,-3.437480931380992,39.76669022241767,26.696169827790293,0.06955465100276059
