n,bias,bias_pct,rmse,rmse_pct,r2
50193,-29.438090208127374,-21.415792978378466,49.37897293386814,35.922502253380486,-0.3118051540070088
